date,WTI_return,ppi_oil,cpi_market_basket,inflation_rate,import_opec,export_opec,foss_fuel_prod,foss_fuel_cons,renew_energy_prod,renew_energy_cons,primary_energy_prod,primary_energy_cons,primary_energy_import_net,us_unemployment,price_gold,tb_rate,usd_index,fed_funds_rate,nasdaq_comp,sp_500,steel_prod,oil_prod,b_com,us_rig,n_gas,ag_price_index,us_gasoline,supply_m2,,,,,,,
1/1/00,7.97,161.8,168.8,0.297088532,129242,31185,4.780147,7.692062,0.50515,0.505525,6.023278,8.945501,1.884179,4,284.32,5.32,115.2151,5.45,3940.35,1394.46,105.2659,5784,96.815,775,2.42,61.91558738,207958,4656.3,,,,Key:,,,
2/1/00,10.09,161.7,169.8,0.592417062,142304,25218,4.573548,7.222425,0.499959,0.498995,5.742825,8.402201,1.934952,4.1,299.86,5.55,116.6867,5.73,4696.69,1366.42,99.8587,5852,98.063,763,2.65,62.75683282,201313,4669.6,,,,,,,
3/1/00,-11.6,161.7,171.2,0.824499411,156687,35917,5.071853,7.071465,0.558005,0.558477,6.284137,8.293297,1.998167,4,286.39,5.69,116.6735,5.85,4572.83,1498.58,102.8482,5918,98.524,773,2.79,63.78203313,203786,4700.4,,,,date,time/date,,
4/1/00,-4.31,161.7,171.3,0.058411215,155127,33929,4.55188,6.486421,0.568524,0.567151,5.727989,7.669702,2.061805,3.8,279.69,5.66,117.3307,6.02,3860.66,1452.43,103.3758,5854,96.882,805,3.03,65.80710177,206348,4756.2,,,,WTI_return ,Average (monthly) Return TARGET VARIABLE,,
5/1/00,12.7,161.8,171.5,0.116754232,152021,26547,4.797348,6.789661,0.558724,0.558828,6.023277,8.025769,2.081705,4,275.19,5.79,119.9141,6.27,3400.91,1420.6,102.9768,5847,102.843,844,3.58,65.17888335,207564,4743.7,,,,ppi_oil,Producer Price Index Oil Manufacturing,,
6/1/00,12.03,161.8,172.4,0.524781341,166745,27746,4.750776,6.783197,0.509114,0.507747,5.961746,8.002823,2.138904,4,285.73,5.69,118.701,6.53,3966.11,1454.6,101.4395,5823,104.764,878,4.28,63.12870763,209507,4761.5,,,,cpi_market_basket,Consumer Price Index (USD) Standard Market Basket of Goods,,
7/1/00,-15.6,161.7,172.8,0.232018561,160511,27902,4.705909,6.970518,0.526262,0.525596,5.951476,8.2304,2.173712,4,281.59,5.96,118.9958,6.54,3766.99,1430.83,99.7338,5739,99.004,942,3.96,61.39954787,209436,4779,,,,import_opec,Imports from OPEC countries,U.S. Imports from OPEC Countries of Crude Oil and Petroleum Products (Thousand Barrels),
8/1/00,20.74,161.7,172.8,0,183031,33271,4.980585,7.320572,0.503686,0.505427,6.185372,8.542555,2.215439,4.1,274.47,6.09,119.8154,6.5,4206.35,1517.68,96.9145,5789,108.17,987,4.41,60.00952147,194417,4807.2,,,,export_opec,Exports to OPEC countries,,
9/1/00,-6.88,161.8,173.7,0.520833333,164088,31764,4.720733,6.629874,0.443376,0.443553,5.771771,7.692325,2.121303,3.9,273.68,6,121.2054,6.52,3672.82,1436.51,93.9265,5758,106.975,1011,5.06,59.82622732,196923,4842.8,,,,foss_fuel_prod,Total Fossil Feul Production (US),,All energy consumption and production is measured in quadrillion BTU: British Thermal Units
10/1/00,6.03,162.7,174,0.172711572,164522,40054,4.932901,6.738354,0.468215,0.469436,5.948323,7.760532,2.056067,3.9,270,6.11,122.9712,6.51,3369.63,1429.4,93.7206,5809,103.82,1055,5.02,59.35616885,187904,4858.8,,,,foss_fuel_cons,Total Fossil Feul Consumption (US),,
11/1/00,3.43,162.7,174.1,0.057471264,157084,33238,4.757145,6.858912,0.482866,0.48443,5.828952,7.939985,1.98077,3.9,266.01,6.17,123.9732,6.51,2597.93,1314.95,89.5841,5833,111.59,1067,5.55,59.98418122,198313,4869.7,,,,renew_energy_prod,Total Renewable Energy Production (US),,
12/1/00,-20.76,163,174,-0.057438254,172826,33940,4.683747,8.058291,0.477785,0.479069,5.821442,9.198444,2.256584,3.9,271.45,5.77,122.9532,6.4,2470.52,1320.28,89.2314,5855,114.613,1097,8.95,61.92751787,195852,4914.4,,,,renew_energy_cons,Total Renewable Energy Consumption (US),,
1/1/01,6.94,166.5,175.1,0.632183908,171339,29569,4.947112,8.058063,0.44497,0.447071,6.10959,9.229006,2.340989,4.2,265.49,5.15,122.8101,5.98,2772.73,1366.01,91.0432,5799,111.374,1118,8.17,61.14612691,205876,4965,,,,primary _energy_prod,Total Primary Energy Production (US),,
2/1/01,-4.43,167.5,175.8,0.399771559,141979,28125,4.486667,7.026546,0.404069,0.404482,5.530604,8.07248,1.994052,4.2,261.87,4.88,123.537,5.49,2151.83,1239.94,91.4578,5780,110.479,1136,5.63,60.42969782,206352,5003.2,,,,primary_energy_cons,Total Primary Energy Consumption (US),,
3/1/01,-4.02,167.6,176.2,0.227531286,180777,29075,5.075413,7.362239,0.45578,0.456138,6.180129,8.473229,2.328836,4.3,263.03,4.42,125.5514,5.31,1840.26,1160.33,92.2155,5880,105.372,1163,5.16,61.07402518,193596,5061.1,,,,primary_energy_import_net,Net Imports from the world to the US (Primary energy),,
4/1/01,8.25,168,176.9,0.397275823,183115,28258,4.780893,6.620594,0.425366,0.424538,5.791098,7.638084,2.286085,4.4,260.48,3.87,126.518,4.8,2116.24,1249.46,85.993,5863,108.708,1206,5.17,61.49632224,200046,5125,,,,us_unemployment,Unemployment Rate,,
5/1/01,-0.32,168,177.7,0.4522329,188468,33128,4.985702,6.542012,0.435516,0.434871,6.063592,7.629039,2.301153,4.3,272.36,3.62,126.3995,4.21,2110.49,1255.82,93.7449,5829,106.091,1234,4.21,62.59876499,212721,5121.8,,,,price_gold,Price of Gold Per Troy Ounce,,
6/1/01,-7.47,168.6,178,0.16882386,169218,29266,4.812772,6.482683,0.454616,0.451264,5.977754,7.652567,2.132201,4.5,270.23,3.49,127.227,3.97,2161.24,1224.38,93.1599,5766,101.571,1270,3.71,62.3415098,220686,5162.1,,,,tb_rate,3-Month Treasury Bond yeild rate,,
7/1/01,0.38,168.8,177.5,-0.280898876,170765,27248,4.829644,6.97562,0.436066,0.438441,5.988011,8.144373,2.305064,4.6,267.53,3.51,127.6435,3.77,2027.13,1211.23,94.5172,5749,102.57,1278,3.1,63.18274359,208530,5192,,,,usd_index,US Dollar Weighted Index: Exchange Rate Index,,
8/1/01,3.23,168.9,177.5,0,163961,32493,5.041467,7.134657,0.447902,0.445558,6.203561,8.303252,2.199119,4.9,272.39,3.36,125.555,3.65,1805.43,1133.58,92.1637,5725,102.225,1252,2.95,62.91258235,193443,5225.9,,,,inflation_rate,US Inflation Rate,,
9/1/01,-13.86,168.9,178.3,0.450704225,167775,24752,4.74847,6.340761,0.396469,0.395833,5.806801,7.400553,2.164296,5,283.42,2.64,125.8961,3.07,1498.8,1040.94,91.8487,5709,95.107,1193,2.15,60.71102515,205879,5337.1,,,,fed_funds_rate,US Federal Funds Rate,,
10/1/01,-9.6,169.4,177.7,-0.336511497,171801,29338,5.096975,6.670422,0.409918,0.412275,6.138287,7.717429,2.142586,5.3,283.06,2.16,126.7357,2.49,1690.2,1059.78,87.3356,5746,90.407,1111,2.45,59.23133506,207766,5325.7,,,,nasdaq_comp,Index of nasdaq securities (Prices),,
11/1/01,-8.22,169.3,177.4,-0.16882386,152923,28788,4.870084,6.487865,0.401771,0.401017,5.92289,7.543838,2.075613,5.5,276.16,1.87,127.2734,2.09,1930.58,1139.45,83.8698,5881,90.96,1000,2.36,58.34604475,212309,5369.3,,,,sp_500,Index of S&P 500 stock prices,,
12/1/01,2.06,169.3,176.7,-0.394588501,155757,34380,4.809547,7.0983,0.449328,0.44848,5.963056,8.259887,2.051072,5.7,275.85,1.69,127.3909,1.82,1950.4,1148.08,76.0592,5887,89.03,901,2.41,58.06249333,209851,5422.4,,,,steel_prod,American Steel Production (Million Tonnes Crude Steel),,
1/1/02,-1.81,169.6,177.1,0.226372383,155912,26681,5.040505,7.568672,0.476543,0.474999,6.257656,8.792688,2.119657,5.7,281.51,1.65,128.898,1.73,1934.03,1130.2,87.9592,5873,88.31,867,2.25,59.52792252,221999,5442.8,,,,oil_prod,American Oil Production,,
2/1/02,11.6,169.7,177.8,0.395256917,132516,32888,4.508688,6.777398,0.428357,0.428795,5.58088,7.856614,1.858443,5.7,295.5,1.72,129.6402,1.74,1731.49,1106.73,88.4683,5881,90.48,825,2.31,59.89984793,217836,5472.2,,,,b_com,Bloomberg commodity index (Prices USD),,
3/1/02,21.02,169.9,178.8,0.562429696,154714,26440,4.80549,7.23929,0.459464,0.456497,5.923225,8.359268,2.158172,5.7,294.06,1.79,128.9149,1.73,1845.35,1147.39,87.5793,5886,99.59,763,3.03,62.18916516,213395,5484.2,,,,us_rig,Number of US Oil Rigs in Operation,,
4/1/02,3.72,170.1,179.8,0.559284116,138165,26687,4.696089,6.654541,0.488511,0.488025,5.7948,7.758503,2.139105,5.9,302.68,1.71,128.5416,1.75,1688.23,1076.92,87.8622,5844,99.43,750,3.42,62.03268759,216408,5484.2,,,,n_gas,Price of Natural Gas USD per million metric BTU,Henry Hub Spot Price…Price USD per million metric BTU,
5/1/02,-7.26,170.2,179.8,0,141389,28218,4.847341,6.612856,0.527649,0.527249,6.033172,7.800424,2.213564,5.8,314.49,1.73,126.9577,1.75,1615.73,1067.14,88.7919,5905,97.76,826,3.49,61.25811731,218085,5510.2,,,,ag_price_index,Global Agricultural Price Index (USD),,
6/1/02,6.12,170.2,179.9,0.055617353,130687,26390,4.607591,6.657799,0.533572,0.533004,5.834219,7.890047,2.131595,5.8,321.18,1.7,125.5364,1.75,1463.21,989.82,91.7307,5884,99.52,842,3.22,61.06745827,216614,5535.2,,,,us_gasoline,US stock of gasoline (in thousands of barrels),,
7/1/02,0.6,170.2,180.1,0.111172874,135345,26007,4.713075,7.152411,0.525246,0.525794,5.973655,8.425776,2.255366,5.8,313.29,1.68,123.8053,1.73,1328.26,911.62,92.2141,5751,98.83,851,2.98,63.22033217,214511,5577.7,,,,supply_m2,Money Supply (Cash and Cash equivalents),,
8/1/02,7.25,170.2,180.7,0.333148251,143782,35275,4.818161,7.126571,0.469661,0.469223,6.026882,8.344959,2.243122,5.7,310.26,1.62,125.1962,1.74,1314.85,916.07,95.3547,5796,102.61,848,3.09,63.38657359,203951,5620.2,,,,,,,
9/1/02,5.07,170.4,181,0.166021029,133570,30463,4.620841,6.550505,0.431895,0.431011,5.726044,7.660314,2.047095,5.7,319.14,1.63,126.0642,1.75,1172.06,815.28,94.6831,5411,106.29,860,3.57,64.54951102,206498,5644.6,,,,,,,
10/1/02,-10.61,170.4,181.3,0.165745856,145266,29817,4.729941,6.720017,0.445453,0.44536,5.807063,7.801558,2.231011,5.7,316.56,1.58,127.0413,1.75,1329.75,885.76,93.5184,5358,105.05,851,4.12,66.666484,193515,5689.1,,,,,,,
11/1/02,-1.21,167.2,181.3,0,140449,30781,4.614375,6.909449,0.455854,0.458059,5.712624,8.013087,2.234573,5.9,319.07,1.23,125.732,1.34,1478.78,936.31,93.1653,5624,105.25,834,4.04,65.59284882,205928,5739.2,,,,,,,
12/1/02,16.03,167.2,180.9,-0.220628792,129094,39430,4.774614,7.622747,0.488697,0.488101,5.982822,8.832157,2.0906,6,331.92,1.19,125.0607,1.24,1335.51,879.82,92.4566,5722,110.28,856,4.74,66.5075984,209096,5760.5,,,,,,,
1/1/03,7.4,170,181.7,0.442233278,133402,37571,4.809844,8.039713,0.470089,0.467763,6.001251,9.233318,2.046168,5.8,356.86,1.17,123.5596,1.24,1320.91,855.7,90.4944,5755,118.64,854,5.41,67.18266765,211491,5793,,,,,,,
2/1/03,9.22,170,183.1,0.770500826,113455,29873,4.331875,7.352223,0.437335,0.44076,5.404346,8.431296,1.875371,5.9,358.97,1.17,123.3993,1.26,1337.52,841.15,90.6697,5783,122.53,907,7.77,67.87603125,203272,5829.2,,,,,,,
3/1/03,-15.19,170.2,184.2,0.60076461,168410,32590,4.786667,7.250885,0.508207,0.506114,5.919498,8.382899,2.266854,5.9,340.55,1.13,122.8932,1.25,1341.17,848.18,89.7154,5803,113.17,941,5.95,67.38495373,200233,5849.9,,,,,,,
4/1/03,-16.88,171.1,183.8,-0.217155266,178472,31580,4.661307,6.563808,0.50964,0.50986,5.762662,7.668238,2.278553,6,328.18,1.13,121.9479,1.26,1464.31,916.92,91.5907,5726,112.36,983,5.29,68.62676714,207402,5887.1,,,,,,,
5/1/03,14.57,171.3,183.5,-0.163220892,178285,34005,4.732374,6.456592,0.557612,0.557681,5.938255,7.663905,2.38842,6.1,355.68,1.07,117.9449,1.26,1595.91,963.59,85.6846,5663,118.82,1034,5.84,68.31812015,208206,5947.3,,,,,,,
6/1/03,2.13,171.8,183.7,0.108991826,165779,31953,4.602254,6.424067,0.549082,0.548222,5.820227,7.642514,2.306586,6.3,356.35,0.92,117.3416,1.22,1622.8,974.5,89.4188,5659,115.79,1067,5.77,67.84836175,206117,5984,,,,,,,
7/1/03,1.16,172,183.9,0.108873163,146807,30249,4.640939,7.014799,0.524613,0.523846,5.891474,8.272424,2.405675,6.2,351.02,0.9,118.4927,1.01,1735.02,993.32,85.7863,5498,116.4,1081,5.01,65.82378784,201541,6030.6,,,,,,,
8/1/03,3.37,172,184.6,0.380641653,152939,29357,4.714532,7.162053,0.501519,0.50237,5.935418,8.391317,2.389947,6.1,359.77,0.95,119.8556,1.03,1810.45,1008.01,85.242,5574,120.9,1090,4.97,66.26939304,193349,6088.7,,,,,,,
9/1/03,-7.51,172.5,185.2,0.325027086,161826,28789,4.644104,6.499037,0.447111,0.445417,5.753884,7.605774,2.335409,6.1,378.95,0.94,118.6206,1.01,1786.94,995.97,86.2296,5609,120.9,1093,4.61,71.51573942,198502,6060.8,,,,,,,
10/1/03,-0.31,172.6,185,-0.107991361,165601,30078,4.819384,6.708386,0.451922,0.452114,5.896796,7.781214,2.313807,6,378.92,0.92,116.1571,1.01,1932.21,1050.71,90.4472,5614,126.57,1102,4.64,74.61889113,192272,6051.5,,,,,,,
11/1/03,4.47,172.6,184.5,-0.27027027,157123,27975,4.497115,6.753287,0.460811,0.463794,5.579077,7.835603,2.112955,5.8,389.91,0.93,116.0338,1,1960.26,1058.2,93.6292,5547,126.087,1111,4.53,72.8261184,203985,6056.6,,,,,,,
12/1/03,6.94,172.9,184.3,-0.108401084,161985,30688,4.742188,7.684241,0.524525,0.526219,5.981784,8.926274,2.274073,5.7,406.95,0.9,114.4802,0.98,2003.37,1111.92,97.6462,5571,135.27,1114,6.13,72.28905843,206827,6054.7,,,,,,,
1/1/04,1.63,173.4,185.2,0.488334238,162555,23202,4.768187,8.096323,0.514255,0.515175,6.020809,9.350298,2.326621,5.7,413.79,0.88,112.6356,1,2066.15,1131.13,94.4504,5585,137.62,1101,6.09,73.88802962,209963,6063.2,,,,,,,
2/1/04,9.41,173.7,186.2,0.539956803,153301,30320,4.425521,7.589798,0.474095,0.475949,5.568071,8.733804,2.252563,5.6,404.88,0.93,113.0747,1.01,2029.82,1144.94,95.0871,5572,146.45,1119,5.38,74.56593382,204716,6102.1,,,,,,,
3/1/04,-1.11,174.6,187.4,0.644468314,180808,31749,4.814606,7.263378,0.510691,0.51079,5.985235,8.430957,2.456902,5.8,406.67,0.94,114.2224,1,1994.22,1126.21,98.7176,5617,150.837,1135,5.4,78.44541618,200877,6137.8,,,,,,,
4/1/04,4.53,176,188,0.320170758,167801,34602,4.641249,6.692449,0.488747,0.489906,5.741288,7.793662,2.282326,5.6,403.26,0.94,115.031,1,1920.15,1107.3,98.2762,5560,148.046,1151,5.72,79.65525343,201414,6178.8,,,,,,,
5/1/04,6.69,177.3,189.1,0.585106383,182418,32608,4.61008,6.765564,0.522597,0.523178,5.809636,7.9663,2.487833,5.6,383.78,1.02,116.8454,1,1986.74,1120.68,99.9067,5556,150.436,1164,6.34,80.56043839,205399,6255.4,,,,,,,
6/1/04,-7.1,177.3,189.7,0.317292438,178045,32087,4.663308,6.739287,0.531784,0.534463,5.901423,7.982271,2.44453,5.6,392.37,1.27,115.7666,1.03,2047.79,1140.84,101.5775,5407,144.034,1176,6.27,77.36334985,208470,6257.7,,,,,,,
7/1/04,18.22,177.2,189.4,-0.158144439,181191,33468,4.7192,7.121877,0.523858,0.524007,5.993614,8.406324,2.570281,5.5,398.09,1.33,114.9737,1.26,1887.36,1101.72,104.4436,5484,146.414,1213,5.93,74.72062768,211427,6271.4,,,,,,,
8/1/04,-3.84,178.2,189.5,0.05279831,193951,33816,4.741681,7.099052,0.50248,0.502422,5.985263,8.354273,2.57139,5.4,400.51,1.48,115.1471,1.43,1838.1,1104.24,105.9321,5325,143.556,1234,5.4,71.65730573,208229,6297.5,,,,,,,
9/1/04,17.85,178.5,189.9,0.211081794,168385,28834,4.518315,6.65937,0.479391,0.480224,5.685245,7.830376,2.305285,5.4,405.28,1.65,114.7086,1.61,1896.84,1114.58,103.5462,5081,153.175,1240,5.14,72.29637479,204735,6332.2,,,,,,,
10/1/04,4.27,178.8,190.9,0.526592944,172983,33409,4.622894,6.817708,0.472887,0.474128,5.747847,7.947527,2.525255,5.5,420.46,1.76,113.0771,1.76,1974.99,1130.2,105.6417,5170,155.549,1240,6.41,71.4863412,203474,6360.4,,,,,,,
11/1/04,-5.08,180.5,191,0.052383447,173504,29749,4.599739,6.945019,0.484745,0.485644,5.699119,8.050403,2.464374,5.4,439.38,2.07,110.1773,1.93,2096.81,1173.82,105.7703,5423,153.406,1262,6.09,73.00287587,211654,6386.9,,,,,,,
12/1/04,-11.56,182.5,190.3,-0.366492147,171520,39790,4.759239,7.876444,0.557141,0.558839,6.031914,9.156174,2.453531,5.4,442.08,2.19,108.9736,2.16,2175.44,1211.92,107.924,5510,145.604,1246,6.58,76.04599242,217601,6405.4,,,,,,,
1/1/05,10.93,185,190.7,0.21019443,169747,28417,4.703669,8.015701,0.537035,0.537947,5.969432,9.287418,2.485242,5.3,424.03,2.33,109.5418,2.28,2062.41,1181.27,105.078,5446,146.821,1255,6.15,76.64044208,222161,6411.7,,,,,,,
2/1/05,7.37,185.8,191.8,0.576822234,164085,35173,4.395181,7.152356,0.489393,0.489163,5.520616,8.283701,2.329338,5.4,423.35,2.54,109.7431,2.5,2051.72,1203.6,102.0108,5501,156.851,1276,6.14,79.14864794,229297,6420,,,,,,,
3/1/05,7.05,190,193.3,0.782064651,166143,40553,4.964711,7.55195,0.524494,0.52395,6.131421,8.726267,2.491006,5.2,433.85,2.74,109.1596,2.63,1999.23,1180.59,99.4225,5601,162.094,1306,6.97,81.24867851,213663,6429,,,,,,,
4/1/05,-10.25,190.7,194.6,0.672529747,168525,39886,4.661086,6.615682,0.514339,0.513734,5.754456,7.714719,2.384553,5.2,429.23,2.78,110.0809,2.79,1921.65,1156.85,97.8356,5563,152.294,1334,7.15,78.99483415,217814,6443,,,,,,,
5/1/05,4.53,191.8,194.4,-0.102774923,182053,42769,4.681531,6.708309,0.567464,0.56836,5.906154,7.939011,2.524439,5.1,421.87,2.84,110.5769,3,2068.22,1191.5,96.1971,5596,150.727,1320,6.47,79.91019556,218271,6460.2,,,,,,,
6/1/05,8.72,192.7,194.5,0.051440329,173559,44312,4.675718,6.914146,0.559554,0.562202,5.925553,8.172057,2.459938,5,430.66,2.97,111.6389,3.04,2056.96,1191.33,91.1246,5442,152.885,1355,7.19,77.29157945,217623,6492.7,,,,,,,
7/1/05,7.2,193.3,195.4,0.462724936,189113,39036,4.622076,7.266962,0.561835,0.562531,5.925597,8.580731,2.621742,5,424.48,3.22,112.1025,3.26,2184.83,1234.18,89.0118,5253,159.33,1398,7.63,76.86424893,206858,6524.3,,,,,,,
8/1/05,13.82,193.4,196.4,0.511770727,175865,40160,4.723162,7.413572,0.514654,0.517287,5.982753,8.6878,2.555713,4.9,437.93,3.44,110.6422,3.5,2152.09,1220.33,93.3929,5198,170.816,1436,9.63,75.61936542,191144,6557.1,,,,,,,
9/1/05,-3.92,194.1,198.8,1.221995927,152547,25305,4.229679,6.621822,0.464168,0.464655,5.390335,7.789263,2.440916,5,456.05,3.42,110.5133,3.62,2151.69,1228.81,98.1207,4214,178.249,1452,12.88,75.58873119,196146,6590.9,,,,,,,
10/1/05,-9.78,195.1,199.2,0.201207243,167778,26478,4.359133,6.660177,0.475814,0.477082,5.474002,7.782699,2.699645,5,469.9,3.71,111.5674,3.78,2120.3,1207.01,98.6275,4555,166.516,1479,13.52,75.76151894,200964,6625.2,,,,,,,
11/1/05,-4.08,200.3,197.6,-0.803212851,161498,28818,4.451119,6.78902,0.484901,0.486946,5.592577,7.939534,2.61089,5,476.67,3.88,112.3629,4,2232.82,1249.48,101.5269,4857,166.402,1486,10.43,75.13437793,205265,6641.7,,,,,,,
12/1/05,6.49,201.8,196.8,-0.4048583,168375,34282,4.528238,7.91297,0.527161,0.5297,5.804026,9.198377,2.593961,4.9,510.1,3.89,111.6511,4.16,2205.32,1248.29,100.6765,4988,171.149,1470,12.83,76.10784852,208328,6668.5,,,,,,,
1/1/06,11.27,202.5,198.3,0.762195122,173464,32837,4.693698,7.470393,0.590884,0.589458,6.034979,8.815171,2.600141,4.7,549.86,4.24,110.1981,4.29,2305.82,1280.08,100.5659,5048,173.669,1473,8.66,78.38073247,220426,6711,,,,,,,
2/1/06,-9.58,204.8,198.7,0.201714574,154047,35721,4.2315,7.004642,0.529231,0.527,5.414125,8.190411,2.301529,4.8,555,4.43,110.3774,4.49,2281.39,1280.66,101.406,5032,162.234,1533,7.49,80.07825222,222370,6735.2,,,,,,,
3/1/06,8.5,205.6,199.8,0.55359839,157719,36256,4.769844,7.361981,0.553158,0.551703,5.987928,8.584267,2.424192,4.7,557.09,4.51,110.5359,4.59,2339.79,1294.83,104.8437,5027,165.194,1551,6.9,80.51086613,208722,6749.6,,,,,,,
4/1/06,7.88,206.3,201.5,0.850850851,164648,41954,4.563702,6.523944,0.577819,0.5797,5.742234,7.709145,2.414727,4.7,610.65,4.6,109.7646,4.79,2322.57,1310.61,104.4319,5082,175.767,1597,7.09,83.13395778,206862,6786.7,,,,,,,
5/1/06,-0.82,209.1,202.5,0.496277916,180401,41845,4.762797,6.678094,0.611342,0.618068,6.029203,7.956185,2.611317,4.6,675.39,4.72,107.5444,4.94,2178.88,1270.09,107.0149,5151,176.679,1635,6.2,88.60471951,214163,6793.4,,,,,,,
6/1/06,3.7,210.4,202.9,0.197530864,170716,40025,4.658733,6.819267,0.598581,0.608261,5.970979,8.146035,2.526273,4.6,596.15,4.79,108.7959,4.99,2172.09,1270.2,105.9937,5163,173.235,1665,6.19,87.06019459,213292,6831.4,,,,,,,
7/1/06,0.64,211.2,203.5,0.295712173,170788,43000,4.675808,7.294424,0.568553,0.573946,5.997627,8.632105,2.624923,4.7,633.71,4.95,108.5049,5.24,2091.47,1276.66,103.6234,5094,178.032,1681,6.25,86.37442322,208864,6872.9,,,,,,,
8/1/06,-5.56,212,203.9,0.196560197,177606,38902,4.784173,7.432139,0.531447,0.537126,6.067109,8.731247,2.741692,4.7,632.59,4.96,107.8084,5.25,2183.75,1303.82,104.0993,5040,170.876,1738,7,84.97441274,208986,6903.7,,,,,,,
9/1/06,-10.46,212.5,202.9,-0.490436488,175269,46626,4.579345,6.606302,0.478075,0.484019,5.752833,7.785737,2.540468,4.5,598.19,4.81,108.0537,5.25,2258.43,1335.85,103.9167,5031,159.957,1739,4.86,84.24804424,214127,6930.6,,,,,,,
10/1/06,-6.64,216.2,201.8,-0.542138985,171667,46701,4.780906,6.921649,0.489353,0.496691,5.870368,8.019657,2.43864,4.4,585.78,4.92,108.3583,5.25,2366.71,1377.94,98.4218,5108,166.817,1734,5.96,84.11764123,204604,6980,,,,,,,
11/1/06,7.49,216.3,201.5,-0.148662042,155441,40594,4.631319,6.862516,0.515797,0.522571,5.787745,8.028304,2.287135,4.5,627.83,4.94,107.4592,5.25,2431.77,1400.63,95.5903,5064,175.214,1706,7.45,85.61526637,204031,7014.8,,,,,,,
12/1/06,-3.29,216.5,201.8,0.148883375,161837,36099,4.744882,7.501847,0.542004,0.548326,6.022445,8.793276,2.410416,4.4,629.79,4.85,106.6566,5.24,2415.29,1418.3,89.11,5186,166.509,1718,6.58,86.36358586,211806,7057.9,,,,,,,
1/1/07,-4.77,220.4,202.416,0.305252725,188301,44812,4.766295,7.838025,0.59216,0.597002,6.134706,9.217768,2.546956,4.6,631.17,4.98,107.6788,5.25,2463.93,1438.24,94.9491,5108,166.094,1714,6.58,88.61898587,227425,7095.9,,,,,,,
2/1/07,6.28,222.2,203.499,0.535036756,147786,37791,4.300942,7.566001,0.488001,0.490985,5.473086,8.75081,2.12213,4.5,664.75,5.03,107.2734,5.26,2416.15,1406.82,99.6103,5118,171.013,1736,7.97,90.39763682,215327,7111.7,,,,,,,
3/1/07,6.6,223.2,205.352,0.910569585,195351,39509,4.78946,7.29742,0.57476,0.577049,6.038717,8.555117,2.63361,4.4,654.9,4.94,106.7481,5.26,2421.64,1420.86,98.5909,5119,171.963,1749,7.12,89.95645237,201570,7145.5,,,,,,,
4/1/07,-0.24,224.7,206.686,0.649616269,178499,40795,4.591832,6.739492,0.566514,0.565767,5.759381,7.915944,2.504684,4.5,679.37,4.87,105.4025,5.25,2525.09,1482.37,100.6394,5180,173.215,1750,7.59,93.35522962,196921,7217.7,,,,,,,
5/1/07,-2.59,224.7,207.949,0.611071867,191597,44665,4.811407,6.726061,0.594208,0.593561,6.087657,8.013552,2.615966,4.4,667.31,4.73,104.4998,5.25,2604.52,1530.62,102.0159,5211,172.723,1748,7.61,92.96886249,202746,7231.3,,,,,,,
6/1/07,10.42,225.7,208.352,0.193797518,183624,39941,4.66717,6.798607,0.555751,0.557939,5.945855,8.090346,2.456091,4.6,655.66,4.61,104.2476,5.25,2603.23,1503.35,103.8418,5075,169.671,1771,7.3,92.79563312,205546,7264.5,,,,,,,
7/1/07,10.65,227.3,208.299,-0.025437721,178522,46677,4.680978,7.145962,0.562032,0.56147,6.005964,8.48325,2.539133,4.7,665.38,4.82,102.9369,5.26,2545.57,1455.27,103.2849,5038,172.446,1777,6.22,93.94614092,205097,7294.8,,,,,,,
8/1/07,-5.33,227.5,207.917,-0.183390223,189555,45968,4.831601,7.49518,0.542044,0.542266,6.136728,8.81244,2.567716,4.6,665.41,4.2,103.4872,5.02,2596.36,1473.99,103.6575,4970,165.566,1804,6.2,92.88396203,193968,7371.2,,,,,,,
9/1/07,10.29,227.6,208.49,0.275590741,186922,40827,4.581483,6.737768,0.483318,0.482354,5.773632,7.933669,2.449668,4.7,712.65,3.89,102.1135,4.94,2701.5,1526.75,100.2377,4902,178.25,1783,6.1,96.89290863,199986,7389.3,,,,,,,
10/1/07,15.76,227.5,208.936,0.213919133,174184,41079,4.831938,6.807023,0.500596,0.503567,5.979595,7.964517,2.3762,4.7,754.6,3.9,100.0509,4.76,2859.12,1549.38,108.2757,5022,183.524,1762,6.8,99.40453857,198592,7403.3,,,,,,,
11/1/07,-6.16,227.7,210.177,0.593961787,178830,53000,4.743522,6.883434,0.503177,0.501355,5.927428,8.074162,2.214775,4.7,806.25,3.27,98.6049,4.49,2660.96,1481.14,113.047,5034,177.247,1798,7.14,100.8361422,204759,7428.2,,,,,,,
12/1/07,8.2,228.1,210.036,-0.067086313,189436,47814,4.772485,7.770058,0.547807,0.549794,6.075318,9.081788,2.313794,5,803.2,3,99.453,4.24,2652.28,1468.36,117.206,5111,184.964,1811,7.15,105.1218357,218107,7458.4,,,,,,,
1/1/08,-4.41,230.1,211.08,0.497057647,198863,50210,4.859584,8.066247,0.597548,0.593597,6.19645,9.410257,2.417403,5,889.6,2.75,98.6522,3.94,2389.86,1378.55,118.5711,5115,192.286,1749,8,108.4002645,232831,7492.2,,,,,,,
2/1/08,11,233.2,211.693,0.290411218,169196,53588,4.596865,7.416912,0.542194,0.54165,5.819801,8.649724,2.079138,4.9,922.3,2.12,97.8066,2.98,2271.48,1330.63,117.6316,5148,215.521,1765,8.55,113.8633474,235157,7577,,,,,,,
3/1/08,-0.26,240.7,213.528,0.866821293,183947,56021,4.88269,7.303725,0.604394,0.596829,6.163501,8.584292,2.158302,5.1,968.43,1.26,95.8746,2.61,2279.1,1322.7,117.6246,5189,201.598,1797,9.4,118.6671709,222198,7642.8,,,,,,,
4/1/08,11.7,242.3,214.823,0.606477839,187870,52168,4.79135,6.617114,0.607199,0.606376,5.99779,7.832058,2.189734,5,909.71,1.29,95.5019,2.28,2412.8,1385.59,118.973,5180,208.552,1829,10.13,118.4390385,211349,7685.7,,,,,,,
5/1/08,12.24,242.7,216.632,0.842088603,183864,55579,4.867863,6.539491,0.668768,0.664879,6.21419,7.889818,2.127049,5.4,888.66,1.73,95.8315,1.98,2522.66,1400.38,121.9672,5143,213.947,1863,11.23,120.4909424,208345,7697.5,,,,,,,
6/1/08,9.93,244.8,218.815,1.007699693,181622,64389,4.659152,6.618345,0.67546,0.673913,6.06959,8.036609,2.14945,5.6,889.49,1.86,96.0363,2,2292.98,1280,120.2302,5138,233.034,1902,12.68,123.0803529,210870,7715,,,,,,,
7/1/08,-11.37,246.9,219.964,0.525101113,189886,63588,4.975041,6.974474,0.646244,0.645917,6.39806,8.411883,2.216281,5.8,939.77,1.63,95.3524,2.01,2325.55,1267.38,125.6301,5177,205.103,1932,11.15,122.8859841,206679,7761.4,,,,,,,
8/1/08,-6.95,247.8,219.086,-0.399156226,198119,63647,4.937988,6.840556,0.599201,0.597434,6.296182,8.211797,2.259697,6.1,839.03,1.72,97.8434,2,2367.52,1282.83,126.1585,5003,189.889,1987,8.25,114.3810404,195737,7776.5,,,,,,,
9/1/08,-12.84,248.5,218.783,-0.138301854,153816,39675,4.40615,6.104693,0.531925,0.53282,5.638922,7.348798,1.931127,6.1,829.93,1.13,100.1949,1.81,2091.88,1166.36,116.8885,3974,167.776,2014,7.69,107.4519293,190020,7846.5,,,,,,,
10/1/08,-32.62,249,216.573,-1.010133328,182111,51384,4.891401,6.563795,0.552128,0.553949,6.100128,7.779822,2.241681,6.5,806.62,0.67,106.8898,0.97,1720.95,968.75,102.8401,4738,131.972,1976,6.73,94.57797575,194972,7955,,,,,,,
11/1/08,-19.73,249.9,212.425,-1.915289533,173960,51609,4.738032,6.588885,0.551737,0.549298,5.95251,7.805094,2.103992,6.8,760.86,0.19,109.5326,0.39,1535.57,896.24,77.3317,5078,122.753,1935,6.67,89.3161865,203729,8005.6,,,,,,,
12/1/08,-18.06,250.2,210.228,-1.034247381,176051,57533,4.920737,7.40631,0.61475,0.618025,6.297765,8.793558,2.147332,7.3,816.09,0.03,108.3554,0.16,1577.03,903.25,64.3652,5103,117.244,1782,5.79,87.900871,213550,8182,,,,,,,
1/1/09,-6.55,249.8,211.143,0.435241738,176357,59567,4.894487,7.722378,0.626672,0.622034,6.296196,9.126331,2.233044,7.8,858.69,0.13,109.0095,0.15,1476.42,825.88,65.0621,5144,110.93,1553,5.24,89.81298828,219572,8263.3,,,,,,,
2/1/09,7.39,250.1,212.193,0.497293304,138829,50615,4.501076,6.649806,0.545223,0.536975,5.718051,7.866567,1.875236,8.3,943,0.3,111.7592,0.22,1377.84,735.09,69.509,5239,105.988,1320,4.52,86.28180376,216383,8292.5,,,,,,,
3/1/09,10.95,250.2,212.709,0.243174846,161561,56968,4.911425,6.714718,0.625284,0.623267,6.239977,8.045493,2.109422,8.7,924.27,0.21,112.2438,0.18,1528.59,797.87,57.8354,5219,109.782,1105,3.95,86.76140323,217061,8358.4,,,,,,,
4/1/09,2.94,249.6,213.24,0.249636828,144100,57010,4.654185,6.051653,0.651263,0.655216,5.9268,7.334381,1.982773,9,890.2,0.16,109.464,0.15,1717.3,872.81,56.4326,5278,110.571,995,3.5,92.43867457,210501,8361.3,,,,,,,
5/1/09,29.71,250.8,213.856,0.288876383,135528,62468,4.699176,5.889515,0.693147,0.697389,6.076295,7.280212,1.902648,9.4,928.65,0.18,106.3212,0.18,1774.33,919.14,62.3368,5377,124.932,918,3.81,98.24263693,204082,8418.7,,,,,,,
6/1/09,5.4,246.8,215.693,0.858989226,144739,58881,4.659088,6.102856,0.685792,0.687759,6.074235,7.530563,1.89464,9.5,945.67,0.18,104.9626,0.21,1835.04,919.32,65.042,5269,122.536,895,3.8,96.94920018,213866,8428.2,,,,,,,
7/1/09,-0.63,249.9,215.351,-0.158558692,141175,72794,4.796858,6.385124,0.645637,0.645574,6.205469,7.80759,1.934596,9.5,934.23,0.18,104.5704,0.16,1978.5,987.48,77.0302,5398,126.475,931,3.39,94.06516837,212496,8433,,,,,,,
8/1/09,0.73,246.8,215.834,0.224285004,140416,65687,4.804587,6.565902,0.618027,0.618377,6.17822,7.955155,1.853492,9.6,949.38,0.17,103.3205,0.16,2009.06,1020.62,84.0772,5418,125.719,980,3.15,93.57250869,207819,8432.5,,,,,,,
9/1/09,0.93,246.7,215.969,0.062548069,151573,63152,4.646178,5.996211,0.570906,0.569214,5.904781,7.263665,1.857808,9.8,996.59,0.12,102.5432,0.15,2122.42,1057.08,88.3103,5559,127.683,1009,2.96,92.47873293,214061,8431.8,,,,,,,
10/1/09,9.05,246.9,216.177,0.096310119,142017,68907,4.756574,6.216283,0.628228,0.628765,5.991643,7.46333,1.681992,10,1043.16,0.07,101.0834,0.12,2045.11,1036.19,85.9304,5524,131.8621,1044,4.02,95.13866498,211137,8458.8,,,,,,,
11/1/09,0.36,246.8,216.33,0.070775337,137556,60870,4.592522,6.173966,0.642567,0.63748,5.852893,7.437943,1.718127,9.9,1127.04,0.05,100.6049,0.12,2144.6,1095.63,88.8706,5395,136.4934,1107,3.69,97.60212289,219740,8488.8,,,,,,,
12/1/09,2.69,246.8,215.949,-0.176119817,129292,61887,4.695395,7.394065,0.692188,0.686281,6.127141,8.830987,1.726375,9.9,1134.72,0.05,101.0176,0.12,2269.15,1115.1,86.1158,5452,139.1873,1172,5.37,99.61223139,223282,8483.9,,,,,,,
1/1/10,-8.15,246.9,216.687,0.341747357,141161,58797,4.715523,7.674044,0.684564,0.674792,6.158582,9.121456,1.928886,9.8,1117.96,0.06,101.3292,0.11,2147.35,1073.87,91.9074,5404,129.0506,1267,5.81,100.5746794,232248,8446.1,,,,,,,
2/1/10,9.29,247.4,216.741,0.024920738,130452,56949,4.432811,6.891691,0.622652,0.616837,5.737408,8.202035,1.684284,9.8,1095.41,0.11,102.7845,0.13,2238.26,1104.49,96.2957,5553,133.8318,1350,5.34,100.483788,234558,8495.7,,,,,,,
3/1/10,5.15,246.2,217.631,0.410628354,157599,66622,5.007233,6.816574,0.696585,0.687394,6.37938,8.189933,1.868602,9.9,1113.34,0.15,101.9633,0.16,2397.96,1169.43,100.9853,5515,132.1517,1419,4.29,103.4397452,225042,8492.8,,,,,,,
4/1/10,2.85,246.9,218.009,0.173688491,161287,72974,4.773544,6.075796,0.675623,0.672294,6.051318,7.359139,1.897918,9.9,1148.69,0.16,101.4563,0.2,2461.19,1186.69,101.2478,5392,134.7037,1479,4.01,106.6173921,220472,8523.1,,,,,,,
5/1/10,-14.14,247,218.178,0.077519735,156690,74372,4.776965,6.233145,0.73265,0.731062,6.206329,7.665434,1.878587,9.6,1205.43,0.16,104.2648,0.2,2257.04,1089.41,100.3531,5401,125.3626,1513,4.16,104.0748058,217749,8577.8,,,,,,,
6/1/10,2.24,247.3,217.965,-0.097626708,158923,69117,4.713784,6.503509,0.768894,0.771073,6.196563,7.996983,1.875948,9.4,1232.92,0.12,104.8328,0.18,2109.24,1030.71,99.5748,5379,125.7471,1531,4.79,101.061103,215578,8597,,,,,,,
7/1/10,4.39,246.8,218.011,0.021104306,160504,77999,4.867453,6.889017,0.71752,0.717979,6.336612,8.368233,1.993614,9.4,1192.97,0.16,103.2002,0.18,2254.7,1101.6,95.4713,5298,134.2481,1573,4.63,105.3296534,219987,8606.6,,,,,,,
8/1/10,-8.9,246.8,218.312,0.138066428,158633,74719,4.975605,7.001077,0.67796,0.67643,6.401658,8.431805,1.933328,9.5,1215.81,0.16,102.3998,0.19,2114.03,1049.33,94.1412,5447,130.8135,1638,4.31,107.6638372,220975,8656.9,,,,,,,
9/1/10,11.19,247.2,218.439,0.058173623,153328,70337,4.912278,6.316941,0.641005,0.637769,6.27835,7.681554,1.760438,9.5,1270.98,0.15,101.3996,0.19,2368.62,1141.2,95.8237,5616,140.2939,1655,3.9,112.5873351,219256,8687.9,,,,,,,
10/1/10,1.83,247.5,218.711,0.124519889,133453,76880,5.017717,6.178512,0.661275,0.658503,6.334863,7.494362,1.680198,9.4,1342.02,0.13,98.7679,0.19,2507.41,1183.26,95.1484,5631,147.2686,1668,3.43,117.468772,209747,8737,,,,,,,
11/1/10,3.29,246.5,218.803,0.042064642,135754,77955,4.903387,6.438836,0.695959,0.68948,6.254218,7.785895,1.533478,9.8,1369.89,0.14,99.0493,0.19,2498.23,1180.55,96.1024,5575,146.7299,1683,3.73,120.2940278,212794,8757.7,,,,,,,
12/1/10,8.64,248.1,219.179,0.171844079,143027,81965,5.062703,7.707534,0.739075,0.733505,6.571916,9.220031,1.6546,9.3,1390.55,0.14,99.7051,0.18,2652.87,1257.64,97.5788,5607,162.3929,1711,4.24,127.7305846,219435,8789.7,,,,,,,
1/1/11,0.89,248.5,220.223,0.476323005,152184,85257,4.977351,7.77527,0.755268,0.73944,6.493799,9.285061,1.811473,9.1,1360.46,0.15,98.553,0.17,2700.08,1286.12,101.9734,5494,163.9999,1711,4.49,132.8496671,235649,8826.2,,,,,,,
2/1/11,5.18,249.3,221.309,0.493136503,126833,73766,4.497777,6.699015,0.718247,0.711299,5.893977,8.095841,1.364616,9,1374.68,0.13,97.8022,0.16,2782.27,1340.43,104.7316,5403,166.1437,1718,4.07,138.5455767,229715,8871.6,,,,,,,
3/1/11,10.05,249.4,223.467,0.975107203,143788,84709,5.160238,6.815706,0.826703,0.816084,6.674024,8.327342,1.657879,9,1423.26,0.1,96.8669,0.14,2781.07,1325.83,102.2816,5615,169.5579,1720,3.97,137.2732816,215012,8916,,,,,,,
4/1/11,6.76,251,224.906,0.643942954,136442,92143,4.906191,6.092599,0.824252,0.815067,6.301226,7.485943,1.533444,9.1,1480.89,0.06,95.2627,0.1,2873.54,1363.61,102.174,5558,175.4211,1790,4.24,140.8922705,204255,8978.2,,,,,,,
5/1/11,-9.86,251.9,225.964,0.470418753,143179,84787,4.995634,6.118317,0.844606,0.838459,6.436823,7.565717,1.649877,9,1512.58,0.04,95.225,0.09,2835.3,1345.2,100.3693,5622,166.5416,1836,4.31,136.1505833,213762,9029.5,,,,,,,
6/1/11,-7.09,254.6,225.722,-0.107096706,146816,81474,4.913552,6.349559,0.836734,0.836164,6.433273,7.879514,1.597466,9.1,1529.36,0.04,95.1999,0.09,2773.52,1320.64,102.254,5587,158.1349,1863,4.55,134.2765252,215010,9113.7,,,,,,,
7/1/11,0.29,255.4,225.922,0.088604567,153105,94637,4.937851,6.80188,0.804736,0.795127,6.499604,8.370293,1.64881,9,1572.75,0.04,94.5476,0.07,2756.38,1292.28,103.7293,5439,162.8146,1900,4.41,132.7125716,215221,9301.6,,,,,,,
8/1/11,-7.2,255.5,226.545,0.27575889,144327,93075,5.204859,6.877458,0.754488,0.75401,6.705833,8.393564,1.524464,9,1759.01,0.02,95.0866,0.1,2579.46,1218.89,103.3335,5664,164.4327,1957,4.05,131.1027902,210380,9515.3,,,,,,,
9/1/11,-10.82,256.2,226.889,0.151846212,129791,95223,5.051059,6.154918,0.688692,0.681927,6.439257,7.546655,1.402551,9,1772.14,0.01,97.9271,0.08,2415.4,1131.42,103.5669,5614,140.2016,1978,3.9,125.6218762,214849,9539.9,,,,,,,
10/1/11,17.66,256.2,226.421,-0.206268263,133179,96327,5.299103,6.181417,0.719072,0.71041,6.680932,7.564093,1.462575,8.8,1666.43,0.02,98.8305,0.07,2684.41,1253.3,102.1262,5901,149.4779,2017,3.57,121.6407464,206616,9571.5,,,,,,,
11/1/11,7.69,256.3,226.23,-0.084356133,126194,94763,5.234666,6.353076,0.747237,0.736426,6.656557,7.772146,1.37929,8.6,1739,0.01,99.4638,0.08,2620.34,1246.96,103.1654,6034,146.1596,2011,3.24,120.1383381,219711,9612.5,,,,,,,
12/1/11,-1.52,256.4,225.672,-0.246651638,126882,113687,5.335152,7.031059,0.779516,0.769745,6.866374,8.564063,1.342866,8.5,1639.97,0.01,100.4003,0.07,2605.15,1257.6,107.9487,6046,140.6802,2003,3.16,117.0964448,223147,9651.3,,,,,,,
1/1/12,-0.35,257.5,226.665,0.440019143,128942,88958,5.405164,7.145232,0.773134,0.751999,6.936781,8.666684,1.50815,8.3,1654.05,0.03,99.7781,0.08,2813.84,1312.41,103.5291,6170,144.1561,2003,2.68,119.8655624,233644,9730.6,,,,,,,
2/1/12,8.72,257.9,227.663,0.440297355,115677,86825,4.972972,6.592463,0.695351,0.683687,6.337376,7.954653,1.317897,8.3,1744.82,0.09,98.048,0.1,2966.89,1365.68,104.5687,6266,148.0367,1990,2.52,122.3230715,230626,9773.4,,,,,,,
3/1/12,-3.78,258.4,229.392,0.759455862,133339,96593,5.210222,6.218138,0.796681,0.78965,6.653757,7.664904,1.342139,8.2,1675.95,0.08,98.6425,0.13,3091.57,1408.47,102.5803,6325,141.9021,1979,2.17,124.0110807,218626,9818,,,,,,,
4/1/12,1.8,260.7,230.085,0.30210295,132063,98153,4.921049,5.842084,0.770234,0.766281,6.276755,7.206596,1.231271,8.2,1649.2,0.08,98.9607,0.14,3046.36,1397.91,106.0101,6322,141.2917,1961,1.95,122.9619977,210595,9872.4,,,,,,,
5/1/12,-17.49,261,229.815,-0.117347937,146643,99428,5.137728,6.124572,0.812443,0.809479,6.600722,7.599349,1.399975,8.2,1589.04,0.09,100.6822,0.16,2827.34,1310.33,102.6949,6365,128.3789,1977,2.44,118.0547249,204963,9903.9,,,,,,,
6/1/12,-1.81,261.4,229.478,-0.146639688,139655,96473,4.992215,6.245001,0.778948,0.778836,6.453765,7.720632,1.393181,8.2,1598.76,0.09,102.1234,0.16,2935.05,1362.16,97.9219,6266,135.4213,1972,2.46,116.7906028,207583,9973.8,,,,,,,
7/1/12,3.65,261.8,229.104,-0.162978586,135994,100361,5.275514,6.787268,0.750086,0.751004,6.750007,8.282013,1.388549,8.2,1594.29,0.1,101.641,0.16,2939.52,1379.32,97.1634,6422,144.169,1944,2.95,122.6396086,209582,10046.9,,,,,,,
8/1/12,9.55,261.9,230.379,0.556515818,135931,95526,5.347,6.746614,0.719598,0.725012,6.795958,8.219743,1.427579,8.1,1630.31,0.1,100.7607,0.13,3066.96,1406.58,100.089,6346,146.0275,1913,2.84,123.1996064,200673,10118,,,,,,,
9/1/12,-4.44,261.9,231.407,0.446221227,128152,94911,5.114804,6.020729,0.650584,0.649279,6.441398,7.359672,1.299767,7.8,1744.81,0.11,99.1842,0.14,3116.23,1440.67,94.3593,6593,148.5061,1859,2.84,121.5524621,200884,10200.2,,,,,,,
10/1/12,-6.45,261.9,231.317,-0.038892514,129793,100897,5.374007,6.237161,0.682912,0.688077,6.682968,7.56378,1.239404,7.8,1746.58,0.1,98.8677,0.16,2977.23,1412.16,92.5009,6963,142.7416,1834,3.32,120.9093515,202995,10261.5,,,,,,,
11/1/12,3.1,262.3,230.221,-0.473808669,126847,102124,5.263334,6.462663,0.686847,0.687048,6.544474,7.757292,1.195047,7.7,1721.64,0.09,99.5355,0.16,3010.24,1416.18,96.0441,7074,142.8028,1809,3.54,119.7826127,215263,10320.1,,,,,,,
12/1/12,3.27,262.3,229.601,-0.269306449,110237,112717,5.272153,6.88802,0.769199,0.766749,6.76004,8.384808,1.057837,7.9,1684.76,0.07,98.9607,0.16,3019.51,1426.19,100.8868,7097,139.0707,1784,3.34,120.0309727,230888,10445.9,,,,,,,
1/1/13,6.18,263.5,230.28,0.295730419,119850,89320,5.299319,7.416291,0.797741,0.796799,6.84318,8.973957,1.278554,8,1671.85,0.07,98.8749,0.14,3142.13,1498.11,98.6852,7081,142.3956,1756,3.33,121.5581103,234436,10471.7,,,,,,,
2/1/13,-5.58,263.6,232.166,0.819002953,87215,91836,4.872129,6.636264,0.711752,0.713786,6.226321,8.006979,0.950579,7.7,1627.57,0.1,99.6805,0.15,3160.19,1514.68,98.8942,7147,136.5666,1762,3.33,120.8406012,226762,10468.5,,,,,,,
3/1/13,5.63,263.9,232.773,0.261450858,115981,96447,5.372523,6.916331,0.779063,0.781264,6.809323,8.371117,1.006049,7.5,1593.09,0.09,100.5408,0.14,3267.52,1569.19,98.2341,7203,137.4762,1756,3.81,120.9226388,224670,10540,,,,,,,
4/1/13,-3.88,264,232.531,-0.103963948,113961,97041,5.193738,6.074515,0.828095,0.830323,6.61499,7.511561,1.150333,7.6,1487.86,0.06,100.1874,0.15,3328.79,1597.57,98.1886,7371,133.6316,1755,4.17,122.6072636,220768,10575.3,,,,,,,
5/1/13,-1.59,263.2,232.945,0.178040777,125979,107618,5.393831,6.064549,0.869011,0.870224,6.919543,7.608582,1.142571,7.5,1414.03,0.04,100.6193,0.11,3455.91,1630.74,99.8051,7325,130.6295,1767,4.04,125.3686745,221332,10611.5,,,,,,,
6/1/13,4.99,263.2,233.504,0.239970809,115110,107810,5.216019,6.161469,0.832404,0.837883,6.742547,7.712287,1.081916,7.5,1343.35,0.05,101.4302,0.09,3403.25,1606.28,99.2374,7276,124.4663,1761,3.83,123.3000218,224366,10666,,,,,,,
7/1/13,8.77,263.2,233.596,0.039399753,117465,119369,5.501301,6.680332,0.823306,0.824467,7.061672,8.261898,1.154729,7.3,1285.52,0.04,101.9848,0.09,3626.37,1685.73,102.6225,7523,126.1571,1766,3.62,121.7264903,222356,10721.9,,,,,,,
8/1/13,2.49,263.6,233.877,0.120293156,120935,115463,5.621582,6.639499,0.75086,0.756174,7.117919,8.162109,1.140875,7.2,1351.74,0.04,101.8657,0.08,3589.87,1632.97,101.7735,7531,130.4445,1781,3.43,119.1485451,217597,10780.3,,,,,,,
9/1/13,-4.94,263.8,234.149,0.116300449,117616,108947,5.405549,6.208289,0.705477,0.713734,6.798559,7.626387,1.109721,7.2,1348.6,0.02,101.6531,0.08,3771.48,1681.55,104.001,7836,127.1103,1760,3.62,115.893517,219785,10832.7,,,,,,,
10/1/13,-5.81,264.1,233.546,-0.257528326,105745,126288,5.473186,6.27596,0.748438,0.754023,6.881829,7.705025,0.953859,7.2,1316.58,0.05,100.6329,0.09,3919.71,1756.54,103.466,7757,125.2281,1744,3.67,114.8735107,213977,10945.6,,,,,,,
11/1/13,-3.8,264.4,233.069,-0.204242419,106049,119000,5.39596,6.656563,0.767298,0.76722,6.842186,8.118624,0.940481,6.9,1275.86,0.07,101.5247,0.08,4059.89,1805.81,102.5409,7916,124.2192,1756,3.62,115.5380315,216849,10953.3,,,,,,,
12/1/13,6.15,264.7,233.049,-0.00858115,112001,142649,5.42905,7.494707,0.804457,0.804721,6.978454,9.058767,0.925352,6.7,1221.51,0.07,101.7099,0.09,4176.59,1848.36,99.8115,7928,125.7515,1771,4.24,117.2869064,228034,11015.9,,,,,,,
1/1/14,-0.94,266.8,233.916,0.372024767,103856,121251,5.577717,7.981003,0.829869,0.824256,7.172794,9.584744,1.058765,6.6,1244.27,0.04,102.6524,0.07,4103.88,1782.59,98.4339,8072,126.1206,1769,4.7,117.525828,235855,11066.4,,,,,,,
2/1/14,5.23,268.4,234.781,0.369790865,95138,102416,5.104519,7.046667,0.712911,0.711228,6.472571,8.423765,0.875096,6.7,1299.58,0.05,102.9102,0.07,4308.12,1859.45,98.5476,8152,133.9783,1769,5.97,120.8089216,229499,11148.9,,,,,,,
3/1/14,-0.98,267.8,236.293,0.644004413,105236,123780,5.776802,6.990834,0.864628,0.860878,7.294041,8.516765,0.888944,6.7,1336.08,0.05,102.8238,0.08,4198.99,1872.34,99.057,8291,134.5234,1803,4.88,127.6005643,221612,11190.5,,,,,,,
4/1/14,-1.81,267.5,237.072,0.329675445,111227,119225,5.671137,6.078019,0.872356,0.870712,7.13322,7.55024,0.977452,6.2,1298.45,0.03,102.4311,0.09,4114.56,1883.95,99.8004,8522,137.7964,1835,4.63,129.6989256,216760,11246.9,,,,,,,
5/1/14,2.98,267.5,237.9,0.349260984,102706,127495,5.830988,6.096234,0.869197,0.867802,7.358552,7.637974,0.965966,6.3,1288.74,0.03,102.107,0.09,4242.62,1923.57,99.5298,8644,133.8324,1859,4.56,124.8884076,218152,11314.6,,,,,,,
6/1/14,2.59,267.6,238.343,0.186212694,97558,124649,5.648187,6.177361,0.867486,0.865763,7.228331,7.770959,0.814805,6.1,1279.1,0.04,102.2573,0.1,4408.18,1960.23,101.0035,8747,134.6268,1861,4.57,122.607306,219252,11366.8,,,,,,,
7/1/14,-6.83,267.7,238.25,-0.039019396,111549,138382,5.960198,6.620132,0.834722,0.831534,7.547342,8.222063,0.934105,6.2,1310.59,0.03,102.015,0.09,4369.77,1930.67,102.1609,8846,127.9143,1876,4.01,120.3880012,217561,11428,,,,,,,
8/1/14,-2.25,267.8,237.852,-0.167051417,101516,138174,6.046341,6.663672,0.768348,0.770643,7.558624,8.198091,0.911551,6.1,1295.13,0.03,102.9297,0.09,4580.27,2003.37,101.2618,8914,126.5745,1904,3.88,115.6554912,212145,11457.3,,,,,,,
9/1/14,-5,268.2,238.031,0.075256882,96514,118410,5.865204,6.194493,0.722945,0.721666,7.294492,7.640478,0.923002,5.9,1236.55,0.02,104.4791,0.09,4493.39,1972.29,101.9362,9078,118.6922,1930,3.92,112.8686636,212451,11492.2,,,,,,,
10/1/14,-11.65,268,237.433,-0.251227781,82986,128154,6.093593,6.312444,0.7722,0.773275,7.51834,7.753352,0.890788,5.7,1222.49,0.02,105.8242,0.09,4630.74,2018.05,103.2921,9256,117.7365,1924,3.77,112.2072262,203673,11552.6,,,,,,,
11/1/14,-17.87,268,236.151,-0.539941794,87621,130584,5.868354,6.676767,0.816738,0.814847,7.366393,8.188978,0.854861,5.8,1175.33,0.02,107.615,0.09,4791.63,2067.56,103.6549,9317,112.9451,1925,4.1,110.7960223,219555,11591.7,,,,,,,
12/1/14,-19.47,268.3,234.812,-0.567010091,85551,151650,6.167634,7.178562,0.834986,0.827639,7.769918,8.78814,0.875877,5.6,1200.62,0.03,110.2102,0.12,4736.05,2058.9,103.4204,9561,104.3285,1882,3.43,108.969673,240368,11670.3,,,,,,,
1/1/15,-9.44,268.4,233.707,-0.470589237,78669,141837,6.105266,7.681168,0.828681,0.815326,7.710663,9.291025,0.972497,5.7,1250.75,0.03,112.5817,0.11,4635.24,1994.99,100.6411,9383,100.8413,1683,2.97,106.2363802,243977,11733.4,,,,,,,
2/1/15,3.15,267.9,234.722,0.434304492,78238,129922,5.437681,7.158336,0.771253,0.767846,6.872614,8.604256,0.834029,5.5,1227.08,0.02,114.0313,0.11,4963.53,2104.5,93.4672,9507,103.4379,1348,2.85,103.9606311,241348,11852.6,,,,,,,
3/1/15,-4.34,268.2,236.119,0.595172161,86825,126848,6.078541,6.897968,0.837363,0.834126,7.590934,8.426533,1.04381,5.4,1178.63,0.03,116.1148,0.11,4900.88,2067.89,87.4209,9585,98.123,1109,2.8,101.2035204,232931,11869,,,,,,,
4/1/15,25.27,268.1,236.599,0.203287325,82007,148129,5.868947,5.983047,0.833831,0.833068,7.328004,7.461618,0.816133,5.4,1198.93,0.02,114.9416,0.12,4941.42,2085.51,90.7988,9655,103.7471,976,2.58,103.002682,228581,11916.3,,,,,,,
5/1/15,1.12,269.7,237.805,0.509723203,97116,150436,5.84989,6.100247,0.827082,0.82973,7.365386,7.638888,0.890011,5.6,1198.63,0.02,114.059,0.12,5070.02,2107.39,91.8209,9474,100.9465,889,2.84,103.0432788,222584,11947.8,,,,,,,
6/1/15,-1.38,269.6,238.638,0.350287,86063,139697,5.610919,6.361218,0.792384,0.795514,7.119845,7.894009,0.930252,5.3,1181.5,0.02,114.938,0.13,4986.87,2063.11,94.3742,9354,102.6892,861,2.77,102.8350319,221099,11993.3,,,,,,,
7/1/15,-20.77,267.5,238.654,0.006704716,90236,153775,5.970294,6.836607,0.818218,0.820134,7.53534,8.424892,0.936845,5.2,1128.31,0.03,116.9247,0.13,5128.28,2103.84,95.7451,9442,91.7827,866,2.83,102.5313685,217719,12045.5,,,,,,,
8/1/15,4.41,267.4,238.316,-0.141627628,85249,139730,6.098459,6.73131,0.792071,0.797073,7.64785,8.307919,1.028342,5.1,1117.93,0.07,119.1081,0.14,4776.51,1972.18,93.0081,9415,90.9328,883,2.76,99.66569119,218255,12097,,,,,,,
9/1/15,-8.35,267.2,237.945,-0.155675658,85626,145540,5.884367,6.214571,0.742598,0.750379,7.322175,7.680299,0.849215,5,1124.77,0.02,120.014,0.14,4620.16,1920.03,91.3761,9478,87.8214,848,2.65,97.53994936,225216,12154,,,,,,,
10/1/15,3.33,267.2,237.838,-0.044968375,89882,143113,5.957527,6.187324,0.775164,0.7761,7.366141,7.612446,0.831727,5,1159.25,0.02,118.9676,0.12,5053.75,2079.36,91.0246,9396,87.4289,791,2.32,96.5182252,217356,12187.9,,,,,,,
11/1/15,-10.6,266.9,237.336,-0.211068038,95080,147099,5.655211,6.200223,0.827127,0.823911,7.112579,7.672074,0.838534,5.1,1086.44,0.12,120.7741,0.12,5108.67,2080.41,83.78,9322,81.0781,760,2.08,93.35932858,222937,12277.6,,,,,,,
12/1/15,-11.07,266.9,236.525,-0.341709644,101480,163253,5.667721,6.740898,0.882748,0.877118,7.278697,8.363649,0.920127,5,1075.74,0.23,121.9999,0.24,5007.41,2043.94,84.3654,9263,78.5588,711,1.92,92.79854346,235465,12336.1,,,,,,,
1/1/16,-9.23,266.9,236.916,0.165310221,94673,154285,5.595077,7.415235,0.875547,0.858883,7.22916,9.053586,1.004195,4.9,1097.91,0.26,124.6274,0.34,4613.95,1940.24,86.6813,9197,77.2234,643,2.27,92.84014084,261648,12461.5,,,,,,,
2/1/16,0.39,266.7,237.111,0.082307653,93665,143086,5.257015,6.664336,0.864706,0.855215,6.808231,8.222713,0.98917,4.9,1199.5,0.31,123.6308,0.38,4557.95,1932.23,87.9556,9056,75.9463,532,1.96,93.69110741,256219,12533.7,,,,,,,
3/1/16,13.6,266.7,238.132,0.430600014,110857,157839,5.498384,6.333935,0.941808,0.932558,7.132043,7.975876,0.967941,5,1245.14,0.29,121.1184,0.36,4869.85,2059.74,88.7927,9089,78.8272,477,1.7,96.91574594,243716,12595.4,,,,,,,
4/1/16,19.77,266.4,239.261,0.474106798,100609,155856,5.175086,5.885351,0.89162,0.886942,6.722818,7.442913,0.903546,5,1242.26,0.23,119.1667,0.37,4775.36,2065.3,89.7255,8869,85.5205,437,1.9,99.51844296,243479,12685,,,,,,,
5/1/16,6.93,266.4,240.229,0.4045791,113610,177922,5.390225,5.95903,0.902057,0.899392,6.988606,7.572458,0.922887,4.8,1260.95,0.27,120.4312,0.37,4948.06,2096.96,90.2449,8823,85.3383,407,1.92,100.9844087,243409,12751.2,,,,,,,
6/1/16,-1.57,266.4,241.018,0.328436617,99095,163109,5.328212,6.349396,0.858695,0.853246,6.889494,7.926171,0.88057,4.9,1276.4,0.27,120.8707,0.38,4842.67,2098.86,90.623,8654,88.8423,417,2.57,102.8702909,242662,12819.6,,,,,,,
7/1/16,-13.93,266.4,240.628,-0.16181364,116852,162014,5.524708,6.827179,0.870521,0.872205,7.131012,8.45939,1.1231,4.8,1336.66,0.3,121.6998,0.39,5162.13,2173.6,88.031,8646,84.2809,449,2.79,103.6976249,240932,12880.8,,,,,,,
8/1/16,7.45,265.2,240.849,0.091843011,106235,157992,5.619055,6.933894,0.822235,0.823134,7.189384,8.528195,1.025171,4.9,1340.17,0.3,120.5713,0.4,5213.22,2170.95,87.6237,8676,82.7727,481,2.79,101.9332167,230411,12968.2,,,,,,,
9/1/16,7.92,265.2,241.428,0.240399586,107253,163180,5.377806,6.249451,0.788537,0.787018,6.850866,7.737064,0.913648,5,1326.61,0.29,121.5131,0.4,5312,2168.27,87.6943,8534,85.342,509,2.97,101.8226863,227697,13031.5,,,,,,,
10/1/16,-2.86,265.2,241.729,0.124674851,103218,154521,5.641286,6.156651,0.835547,0.831285,7.112044,7.641292,0.933978,4.9,1266.55,0.33,122.6436,0.4,5189.14,2126.15,86.5368,8834,84.9011,543,2.95,101.4760874,225594,13105.4,,,,,,,
11/1/16,5.51,265.7,241.353,-0.155546087,106803,162779,5.509239,6.168215,0.835455,0.833214,7.026399,7.703619,0.842449,4.7,1238.35,0.45,125.5546,0.41,5323.68,2198.81,88.7534,8897,86.0015,580,2.5,101.9535079,233842,13178.6,,,,,,,
12/1/16,8.66,265.7,241.432,0.032732139,108206,172787,5.503521,7.369797,0.941426,0.934729,7.194465,9.070671,0.752298,4.7,1157.36,0.51,127.5298,0.54,5383.12,2238.83,90.0517,8798,87.5144,634,3.58,102.29674,238587,13209.8,,,,,,,
1/1/17,-1.69,265.3,242.839,0.582772789,117578,174982,5.60055,7.284873,0.926412,0.903758,7.291731,8.975697,0.934687,4.7,1192.1,0.51,127.3608,0.65,5614.79,2278.87,93.4089,8863,87.5922,683,3.26,106.8518663,261109,13282.5,,,,,,,
2/1/17,2.27,265.4,243.603,0.314611739,96469,180895,5.201442,6.082497,0.867332,0.852446,6.733552,7.616721,0.573978,4.7,1234.2,0.52,125.5663,0.66,5825.44,2363.64,93.253,9103,87.7388,744,2.82,107.5833676,253635,13340.2,,,,,,,
3/1/17,-6.31,265.4,243.801,0.081279787,111392,187667,5.687465,6.715009,1.022631,1.009623,7.390906,8.422587,0.726337,4.4,1231.42,0.74,125.0383,0.79,5911.74,2362.72,92.1601,9162,85.3508,789,2.87,104.049478,239558,13405.5,,,,,,,
4/1/17,-2.51,265.5,244.524,0.296553337,112299,188325,5.422274,5.842732,0.996949,0.992854,7.012702,7.444268,0.687953,4.4,1266.88,0.8,124.1198,0.9,6047.61,2384.2,93.6335,9100,84.0128,853,3.08,103.3512482,243511,13470.3,,,,,,,
5/1/17,-2.05,265.4,244.733,0.085472183,113735,193188,5.655887,6.100198,1.03502,1.034084,7.332176,7.790061,0.809749,4.4,1246.04,0.89,123.6334,0.91,6198.52,2411.8,92.176,9183,82.8292,893,3.12,104.9406545,242484,13520.9,,,,,,,
6/1/17,-4.72,265.4,244.955,0.090711101,106996,187560,5.610071,6.244294,0.990744,0.991592,7.301681,7.954432,0.687528,4.3,1260.26,0.98,122.018,1.04,6140.42,2423.41,91.9321,9107,82.6017,931,2.94,103.7439176,238417,13550.8,,,,,,,
7/1/17,8.97,265.1,244.786,-0.068992264,105366,195036,5.737676,6.7322,0.93189,0.926697,7.415442,8.422533,0.669953,4.3,1236.84,1.07,120.3483,1.15,6348.12,2470.3,92.8851,9235,84.3915,953,2.96,105.4935472,232859,13616.1,,,,,,,
8/1/17,-5.86,265.1,245.519,0.29944523,98050,175630,5.884585,6.641862,0.873973,0.869322,7.515625,8.287823,0.760007,4.4,1283.04,1.01,119.0332,1.16,6428.66,2471.65,93.564,9248,84.6565,947,2.88,101.4931476,226788,13671,,,,,,,
9/1/17,9.4,265,246.819,0.529490589,86410,188665,5.667835,6.051014,0.851806,0.842455,7.231877,7.621183,0.513613,4.2,1314.07,1.03,117.9039,1.15,6495.96,2519.36,93.6241,9512,84.4599,940,2.96,100.5358456,223204,13716.9,,,,,,,
10/1/17,5.24,265.9,246.663,-0.06320421,97779,219679,5.982905,6.21458,0.924195,0.913597,7.597339,7.82948,0.380761,4.1,1279.51,1.07,120.0242,1.15,6727.67,2575.26,94.2536,9653,86.1882,922,2.87,100.966363,215896,13779,,,,,,,
11/1/17,5.55,265.8,246.669,0.002432469,91329,214320,5.948747,6.51017,0.920939,0.904868,7.566442,8.122396,0.353494,4.2,1281.9,1.23,120.2491,1.16,6873.97,2647.58,95.5948,10071,85.7033,911,2.99,101.3968066,224918,13809.5,,,,,,,
12/1/17,5.26,265.8,246.524,-0.058783228,91123,221209,6.037359,7.495857,0.958763,0.939952,7.766946,9.220468,0.413503,4.1,1264.45,1.32,119.9313,1.3,6903.39,2673.61,96.4858,9973,88.1674,930,2.76,101.3766142,236816,13852,,,,,,,
1/1/18,7.13,267.4,247.867,0.544774545,93283,200291,5.984314,7.905212,0.981701,0.963104,7.74647,9.662711,0.65233,4.1,1331.3,1.41,117.1935,1.41,7411.48,2823.81,96.0975,10018,89.8001,937,3.88,105.0854105,248887,13868.1,,,,,,,
2/1/18,-4.77,267.3,248.991,0.453468997,76717,193396,5.602852,6.471023,0.925757,0.900086,7.205988,8.0605,0.335123,4.1,1330.73,1.57,117.5502,1.42,7273.01,2713.83,97.9149,10281,88.1409,969,2.67,105.9105611,253249,13890.6,,,,,,,
3/1/18,5.35,267.5,249.554,0.22611259,88189,227445,6.283491,6.989371,1.019622,1.004196,8.00394,8.709417,0.383099,4,1324.66,1.7,118.0646,1.51,7063.44,2640.87,99.6563,10504,87.4729,989,2.69,107.0062134,239670,13941.3,,,,,,,
4/1/18,5.59,267.5,250.546,0.397509156,105696,233910,5.9659,6.246301,1.027738,1.010623,7.611875,7.88508,0.331811,3.9,1334.76,1.76,118.1483,1.69,7066.27,2648.05,98.6107,10510,89.593,1011,2.76,106.6541779,240145,13976.5,,,,,,,
5/1/18,-2.23,267.5,251.588,0.415891693,84662,239226,6.212725,6.212719,1.058466,1.049204,7.975024,7.979738,0.361456,3.8,1303.45,1.86,121.4302,1.7,7442.12,2705.27,100.1189,10460,90.7159,1046,2.78,108.3944645,242887,14038.3,,,,,,,
6/1/18,10.61,267.3,251.989,0.15938757,91222,234711,6.094383,6.375971,1.039297,1.023991,7.862263,8.143144,0.413389,4,1281.57,1.9,123.4234,1.82,7510.3,2718.37,97.3636,10649,87.4095,1056,2.94,104.6298255,240716,14107.8,,,,,,,
7/1/18,-7.27,267.4,252.006,0.006746326,92110,246838,6.365051,6.896081,0.954652,0.937802,8.077231,8.606545,0.307785,3.9,1237.71,1.96,124.0589,1.91,7671.79,2816.29,101.4253,10891,85.3947,1050,2.8,101.8458075,234293,14148.8,,,,,,,
8/1/18,1.51,268.5,252.146,0.055554233,88564,222082,6.647289,6.967937,0.959408,0.944771,8.36241,8.685487,0.453064,3.8,1201.71,2.03,125.334,1.91,8109.54,2901.52,101.4211,11361,83.736,1050,2.96,98.26541295,236302,14190.8,,,,,,,
9/1/18,4.94,269,252.439,0.116202518,89871,222447,6.436178,6.315381,0.874498,0.854134,7.987373,7.857096,0.280314,3.7,1198.39,2.13,126.0398,1.95,8046.35,2913.98,104.0401,11498,85.201,1053,3,99.00774865,239970,14225.3,,,,,,,
10/1/18,-10.84,269,252.885,0.176676346,84605,248346,6.71279,6.550481,0.910443,0.892353,8.244227,8.0735,0.090463,3.8,1215.39,2.25,126.8761,2.19,7305.9,2711.74,106.4105,11631,83.1903,1063,3.29,100.6246742,232672,14246.6,,,,,,,
11/1/18,-22.02,269,252.038,-0.334934852,81094,248427,6.59404,6.934844,0.915786,0.897691,8.178469,8.509805,0.0135,3.7,1220.65,2.33,128.2981,2.2,7330.54,2760.17,105.9176,11999,82.5607,1077,4.14,96.7590091,230236,14264.7,,,,,,,
12/1/18,-10.84,268.9,251.233,-0.319396282,77991,257331,6.767958,7.328645,0.949296,0.93132,8.466431,9.019973,0.002586,3.9,1250.4,2.37,128.5202,2.27,6635.28,2506.85,106.4454,12038,76.7154,1077,3.95,98.74278427,246500,14368,,,,,,,
1/1/19,18.45,269.3,251.712,0.190659667,78815,251213,6.783845,7.779704,0.965355,0.942139,8.519742,9.503785,0.174318,4,1291.75,2.37,126.7306,2.4,7281.74,2704.1,101.8825,11856,80.7252,1065,3.08,100.379058,261326,14444.5,,,,,,,
2/1/19,6.38,272.1,252.776,0.422705314,50490,236676,6.113056,6.793472,0.885337,0.87145,7.674987,8.352209,-0.071979,3.8,1320.07,2.39,126.8096,2.4,7532.53,2784.49,103.2305,11669,81.3904,1048,2.72,99.35047465,251367,14460.9,,,,,,,
3/1/19,5.1,272.1,254.202,0.564135836,50937,247869,6.647063,6.994308,1.004003,0.994243,8.331474,8.677151,-0.016646,3.8,1300.9,2.4,127.2096,2.41,7729.32,2834.4,103.4553,11892,81.0872,1023,2.94,98.92348986,236052,14495.3,,,,,,,
4/1/19,6.27,272.1,255.548,0.529500161,46990,254646,6.636835,5.95909,1.040178,1.02339,8.310386,7.623996,0.015869,3.6,1285.91,2.38,127.3554,2.42,8095.39,2945.83,104.3358,12123,80.5738,1013,2.65,101.8304605,230248,14541.7,,,,,,,
5/1/19,-16.29,272.1,256.092,0.212875859,52468,254823,6.819187,6.13928,1.071545,1.060305,8.59251,7.911739,0.071481,3.6,1283.7,2.35,128.7336,2.39,7453.15,2752.06,99.6159,12113,77.7043,986,2.63,98.84464093,235717,14632,,,,,,,
6/1/19,9.29,272.3,256.143,0.019914718,50957,261968,6.563024,6.174124,1.010127,0.996986,8.292506,7.902853,-0.084121,3.7,1359.04,2.17,128.2525,2.38,8006.24,2941.76,98.7492,12060,79.653,970,2.4,100.5536758,229730,14769.3,,,,,,,
7/1/19,0.19,272.3,256.571,0.167094162,44009,250630,6.719217,6.826896,0.992857,0.975584,8.46691,8.569889,0.116048,3.7,1412.89,2.1,127.8484,2.4,8175.42,2980.38,101.0333,11823,78.9631,955,2.36,100.2073741,235244,14860.8,,,,,,,
8/1/19,-5.94,272.3,256.558,-0.005066824,51468,263845,6.99858,6.853491,0.943754,0.932992,8.69416,8.55223,-0.01365,3.7,1500.41,1.95,130.3698,2.13,7962.88,2926.46,99.2067,12397,77.0044,926,2.22,97.83694763,230447,14930.9,,,,,,,